global_step,train_loss,mcc,accuracy,p_micro,r_micro,f_micro,classificationReport,eval_loss
2000,0.3396949768066406,0.6899042718370836,0.825156456335764,0.825156456335764,0.825156456335764,0.825156456335764,"{'0.0': {'precision': 0.8596501373427786, 'recall': 0.8545109648492513, 'f1-score': 0.857072847300297, 'support': 34793}, '1.0': {'precision': 0.8161434977578476, 'recall': 0.8727059472885332, 'f1-score': 0.8434775360506793, 'support': 28988}, '2.0': {'precision': 0.6015663240332844, 'recall': 0.41753015118056735, 'f1-score': 0.4929309134663592, 'support': 5887}, 'accuracy': 0.825156456335764, 'macro avg': {'precision': 0.7591199863779702, 'recall': 0.714915687772784, 'f1-score': 0.7311604322724451, 'support': 69668}, 'weighted avg': {'precision': 0.8197392761548448, 'recall': 0.825156456335764, 'f1-score': 0.8206457294415337, 'support': 69668}}",0.4806311979269879
